set,query
technical_with_token,Why does the Docker image digest sha256:a422eb14ab2f2d0f0cc022238daceee2092f073ff80b9465aef7ac86d66c7a64 change on every rebuild?
technical_with_token,Is it safe to log the MD5 digest 9314e23acedbd6b0165debbc6530a2c6 at debug level?
technical_with_token,How do I verify the bcrypt hash $2y$10$qGXwPOER/+m799+qXt2Law before deploying?
technical_with_token,What does this PEM block identify: YoTdWzkaSl5YnDcjCtkGv6F7kALPwvm+TKmrEevaN46wWqof9MbeXzzIoUIXzG0e?
technical_with_token,How do I verify the MD5 digest 29e97cd4c694e538fd34a0848c8a72f6 before deploying?
technical_with_token,Is sha256:87b2dfcbdae31915cac73b1abf7f0bd30b7bb961a5f3b12688dbc2932c78a1a4 a valid Docker image digest for this file?
technical_with_token,How do I rotate the credential whose PEM block is bYqWdUFV8+l9O63vn9rk4agpd4KP/OtJwyvvuVA8jpVnKLPyVkijGKKvAFh6jxx/?
technical_with_token,Our audit flagged the base64 key /H2ZiNxiEMsaagXosp0tjUULqieyrVINd8dJOI8FWz8= -- what does that mean?
technical_with_token,What does this git commit hash identify: 37956e3d62525cd4c3c0f9106a0dc9945cb31899?
technical_with_token,Should the JWT segment fVoWeBnL90PvzxDrTJlX9YfwGCva/VQz.7s05H3VN53ET1pauUTQW5Wrdz4IIDEtJ6UrOa2bxE5jb0WoS be stored in version control?
technical_with_token,Is it safe to log the SHA-1 digest 350c7747d40595b2a2b11ef2ee05bb10aff616ec at debug level?
technical_with_token,Is j0BIAfFebuvQu/Gtc0LEAn77ZkMfZ6jF61OwaFERhtY= a valid base64 key for this file?
technical_with_token,Is it safe to log the SHA-1 digest 9b53c7fa94e81dfc2592bf1ae76488f7e1bd4863 at debug level?
technical_with_token,My build produced the UUID b220a4f1-246e-1791-62a2-21a5da52024b -- how do I compare it with the previous one?
technical_with_token,What tool produces a PEM block like mfenBAezXAj8hWDyR47/tpfRsh97iZ9fY0BG10rqOtqxVBZ+HeOBf/38yJmrMr1n?
technical_with_token,How do I rotate the credential whose bcrypt hash is $2y$10$KRY63JK8iEzKp0+O5qihfQ?
technical_with_token,What does this base64 key identify: qb3Bzc6KsesdeJDzY3HW85hRz4T4j4KMWtfd2eYuwLQ=?
technical_with_token,How do I verify the git commit hash 1c16ab33f2e5be4e5b8e08fe1c74195085bdc58f before deploying?
technical_with_token,What does this MD5 digest identify: c233fb3e9934c51325b52e3f4b5d5c2b?
technical_with_token,Our audit flagged the Docker image digest sha256:21f7e9fec31633f46f05ea8c5cabfedf3b03cf82cb5ecc48fca722bf9094e1ef -- what does that mean?
technical_with_token,Is $2y$10$1iAzhFA0Pe7TNOFyMcSDSA a valid bcrypt hash for this file?
technical_with_token,Our audit flagged the base64 key 3RhSJJFlXJNrk6Iv8PsQYmuetr/JbKC7RzgGTDrfj2k= -- what does that mean?
technical_with_token,How do I rotate the credential whose SHA-1 digest is eabd321c81bf2477af4d8b83ee3bdae164c64ebc?
technical_with_token,Is 886273cb2b66c6c02d9e76a4a3966ae8666cc8af7bcc175257c9cc0965de7411 a valid SHA-256 digest for this file?
technical_with_token,My build produced the base64 key /wyYgy+C7ZyjwntV+c6ytss+Zjvzc63bQuDCiOuHaH4= -- how do I compare it with the previous one?
technical_with_token,What does this git commit hash identify: 330d1c77e60d365c9f312ca5beff4cbfe53faa02?
technical_with_token,Should the base64 key yu84UMTpMkINdKP2KqMMhekCgmTQIcqQAPokQp3t7ew= be stored in version control?
technical_with_token,Is 50e517b5d6b24ca5ad78858694d49a37ea74e3fc5fdee54988b95a5485349ce2 a valid SHA-256 digest for this file?
technical_with_token,Should the bcrypt hash $2y$10$sh2ql9MsaO3uqKGbknf33A be stored in version control?
technical_with_token,My build produced the PEM block hD48oh2KrHskK/gg3A/kCOu26oTgnUTfAqwX6QDKWo1unLa9ZrwVtWfIrcea+ga/ -- how do I compare it with the previous one?
technical_with_token,How do I rotate the credential whose MD5 digest is 4ffce81b7142a5e7fa8f823fa460b1dd?
technical_with_token,How do I verify the MD5 digest 79e466e993dfe44648157e69174dd183 before deploying?
technical_with_token,Is mGVoyjPJQQJWi+ezPAUIz9hC5N239d+G.L6AMnWK1zznn2PJqLNqsuWRn4d5IeLRpCAigJ7oU05g2wdsA a valid JWT segment for this file?
technical_with_token,Is it safe to log the SHA-256 digest 12d7b95a9cce4eed09e9f814147713e3d48c931574beb8a6c9e595438c2bb29b at debug level?
technical_with_token,Should the bcrypt hash $2y$10$CiDnYZphK1m8Poh1PU+4rA be stored in version control?
technical_with_token,What tool produces a bcrypt hash like $2y$10$K8+QeeBbKvg2VoA/lc+8yg?
technical_with_token,What does this UUID identify: 4cca5dbf-c893-a2b2-6792-d07157e15a88?
technical_with_token,Should the SHA-1 digest 2af176983b7a348540c73a851c1c0e5a46125d2b be stored in version control?
technical_with_token,Should the git commit hash eeab7ded12a1bb1d01812fee0dd8fe894b152fad be stored in version control?
technical_with_token,Our audit flagged the git commit hash 59f009e95d80b11ac5acc5f30c6f309ce2f8266f -- what does that mean?
technical_with_token,Should the MD5 digest 98057119bf36033dc6a4e3680a8ad8fc be stored in version control?
technical_with_token,What does this base64 key identify: BAm5Iz4l5A/8iUtqJxn3JjhB5/zdoI+3OuhF+Pw5wOE=?
technical_with_token,Why does the JWT segment t8gF6oWOjVzADHClCORvTfZmbM82AKlG.8noick2xS37KxjGHWX5XtYA7SYTIrt4R9c93UViyc1JOSgEM change on every rebuild?
technical_with_token,What tool produces a PEM block like 9vjJLGW/uSkm7feVtZ4Q4fHYZAWMKlsPBS2eyNqwDyBlW8yyJoHR+GniPuzJePU+?
technical_with_token,Why does the SHA-1 digest 88113aea285614d5afd655a884691161f4916457 change on every rebuild?
technical_with_token,How do I rotate the credential whose MD5 digest is 39d1483a8b1ba9e0d42e13868e6fe423?
technical_with_token,My build produced the base64 key RUZq1GpCQl8IfZhgO9lyEAl/w3j3kvHeeCSfmDwbTZY= -- how do I compare it with the previous one?
technical_with_token,Our audit flagged the bcrypt hash $2y$10$FMwfR+y+MvUESwJgeJnJZQ -- what does that mean?
technical_with_token,What tool produces a base64 key like Oj8qgMyRrTaVxFcV7aPFnLVNmVMuFTpwkZus/jXvhfg=?
technical_with_token,What does this base64 key identify: twgNYOhxOv07J/rU7NZQ1Tj5w1tPvFv9eVOh/U+33Fs=?
technical_with_token,Can you explain what the SHA-1 digest e6df1e4b93ebd6029f4357c812cf4487450164dc encodes?
technical_with_token,Should the JWT segment hD4Aug5spNOksifH03NaULKhD2Z9PygE.4TZjbvJTV70ylGIORyILBvpLlslrsUStuXfaKtPmp9tXUmCR be stored in version control?
technical_with_token,Why does the Docker image digest sha256:230ba6e0f6d2c660aecec4be5a0f8496d64303f70bf0ac624a31c9e20b1fd971 change on every rebuild?
technical_with_token,Is 5fee98dc28fe6d1eea89979798c3309e a valid MD5 digest for this file?
technical_with_token,Is 4dc95af5f9421e11417c53629599fc4e7328beef a valid SHA-1 digest for this file?
technical_with_token,How long is the SHA-256 digest f3962303558205edaac50f0491285d9f20547aa948372a2554eb768b707e4558 expected to be?
technical_with_token,Should the JWT segment bfxk2kVHl5NVCIBqmg8pqYuUE47w5a51.6Ucju689jPaiCac8IpeddEJxd7aKGNGeTRYRh8sZIdVJayVT be stored in version control?
technical_with_token,Is e0AJAfHWwRUjOLfAd93ZkMNe3gBGx0eYTSpseibKVQY3clVrx1n/EXlzFcnaYpBH a valid PEM block for this file?
technical_with_token,What tool produces a SHA-256 digest like bfa5afef460da2c5103bcf44bbb298bcb3957b9b75d05c72f0c92992a2aa61e1?
technical_with_token,Should the UUID 2635ca0e-140b-5092-4c41-cf6565f3f21b be stored in version control?
technical_with_token,What tool produces a PEM block like n8BEFugwMuQxWi1I2h2tx+l1rUpxvRTPetfCB4yRAk8OVLSQKLIOLBSWD/5YTSkc?
technical_with_token,Our audit flagged the bcrypt hash $2y$10$htzVOClbtoF3rqeRuB8xPg -- what does that mean?
technical_with_token,Is RTM9T2raAWUogzdqLyzrAvZMG/hQRHYKxLNmw4YE5bQ= a valid base64 key for this file?
technical_with_token,How long is the bcrypt hash $2y$10$UEIWNMtFw0ilVHFhmzOJEg expected to be?
technical_with_token,My build produced the JWT segment f0VezQG8xigSPujh0AC6hqHCMxkf4JNT.kGrkLbe0udQ6qHVPtWMBeC/5EbrXMxuLlvklyPtzI2bu/lE7 -- how do I compare it with the previous one?
technical_with_token,What tool produces a JWT segment like 8YFf0u2E5Z5/qm2ewV0I+ZYzOVTNeq9L.490jt9HzMmUNL++OK9c9gk1ofhgsfBxaMUrE0cd68vVfFETf?
technical_with_token,Why does the git commit hash bc338d1df3ce8f6830e0c905becb7ee85e04a380 change on every rebuild?
technical_with_token,Should the MD5 digest c0be1b29c53ac3e7bcc74c2fa0235b4e be stored in version control?
technical_with_token,Our audit flagged the Docker image digest sha256:293cd3dfc0294aeeae9d95ce0ca66e265df035a5f1b5e490e10793b9855c7c08 -- what does that mean?
technical_with_token,Can you explain what the MD5 digest c985157b9aef2660a213178315396034 encodes?
technical_with_token,How do I verify the Docker image digest sha256:928167371153218801a7d23accc9d75681e2bfe0d6da6232a542f76f33297de0 before deploying?
technical_with_token,Why does the JWT segment Cpmk7f0Ow71yC6bVLV5ODuYJxeRPqtAm.zqp3ktpyiFamP6c95wdwzifQ/MBicxc5EkQIzOO7iDNBi+EW change on every rebuild?
technical_with_token,My build produced the JWT segment EsS6QDnRn5b6vNchYU9ZUcQ2oCw8OEEi.xB11YAVWlCH/74aUoaAtXRTn+K8MQHuv5CXdq1WUSGani5Ca -- how do I compare it with the previous one?
technical_with_token,Why does the PEM block 69iMeiBMn4DLRhy+BHXWzaP7zb8CC6+tvZVK8Hrt4ECszwCbgDCL9QtvtVeyAcqg change on every rebuild?
technical_with_token,Is it safe to log the SHA-1 digest 496e536d60792fb5e574707c95f93ddf2ee0c62b at debug level?
technical_with_token,What tool produces a base64 key like j+cSaSTyGIT+zqjPWMoe130xFMrtUrf2zN4RHS3S3tA=?
technical_with_token,My build produced the MD5 digest e344b260ff1bfdd79739992ee52934bc -- how do I compare it with the previous one?
technical_with_token,What tool produces a SHA-1 digest like 3bb471d0cf0a3700a5bfc309e7498167cde4a993?
technical_with_token,How long is the SHA-1 digest b9e9c288d86216ba9c70ac790efa8bf3ee6d378c expected to be?
technical_with_token,How long is the Docker image digest sha256:bda391db91260d561a174377fef5e018aff639230a23d620c1e19ab337086732 expected to be?
technical_with_token,Should the PEM block Tm/D9rLDAq3LgmYiVpaFXHv94Fr4KZm2qb1kS0uXWGgu/ZsiuPcAb9lzbMKSMdf+ be stored in version control?
technical_with_token,How do I rotate the credential whose MD5 digest is 3ad63b82dd6f8e92b28b72af2a6bcc73?
technical_with_token,Is it safe to log the JWT segment H5aAlywWTb5UPdT8YFVHbGmjCpCCEqoO.6N6xqFkb6IB9jSf3vp+elqvq35TvOQR0IMfaRR9qWdZCAhRJ at debug level?
technical_with_token,How long is the Docker image digest sha256:e567eb826c0e7e2440e1d349c1d24fa2bcf8e18f9a816fce7749223fa0841bca expected to be?
technical_with_token,How long is the git commit hash 15154098b1c10543f62c8ef7495804b87714348a expected to be?
technical_with_token,What tool produces a MD5 digest like bb999a932ed0ca560f86964132ea5c1b?
technical_with_token,How long is the Docker image digest sha256:d1d71d881a60a7b5d7be4e549f4c40ad9a81a47faed96b9a42cd07a7efd1941a expected to be?
technical_with_token,Is 76a0eb20-5b52-9876-8c87-af76a9440a7d a valid UUID for this file?
technical_with_token,Is it safe to log the SHA-1 digest 7c4a1dcdb5436bec683a7bf288412f7e39358987 at debug level?
technical_with_token,My build produced the git commit hash e9429fdcd6418c51c67c22be6ce81be42a48c935 -- how do I compare it with the previous one?
technical_with_token,Should the base64 key cB9ZMPTfJ2CqQaMwTeoOUKdB8dIdX5ckO3byL4qdxQQ= be stored in version control?
technical_with_token,Is Ln0NeHt+6vSfq+sgtwfV16uRfaZnSjCsTmM7DS3pOCk= a valid base64 key for this file?
technical_with_token,Our audit flagged the SHA-1 digest b63c07b9d6be4beea397bcded07e863143ad4124 -- what does that mean?
technical_with_token,Can you explain what the UUID 35058dc4-a241-20bd-81f9-efc6d9784c74 encodes?
technical_with_token,What tool produces a git commit hash like 5f51223915d400a9195bfcbef4b309a3e71c2913?
technical_with_token,What does this git commit hash identify: d990e5db2ca17aa0b619a9f592c845ef5a86787b?
technical_with_token,What tool produces a UUID like 49310db9-c50a-a2d8-5829-f916db3831de?
technical_with_token,Our audit flagged the JWT segment wjq8wqT0M22AP/pzaCi784mC/ZPyp+lk.THAWJDkvc6R7qzGiv8Ks1EQ3KB65SOP5E8/IOzYQiB326zzC -- what does that mean?
technical_with_token,How long is the SHA-256 digest 84698ef939c33063aa4036f99c6b20ff483654195e9b14ac906db7a4f0e1bb70 expected to be?
technical_with_token,How long is the git commit hash 07ca510ce205b6547deb7cdf0e426136d5f3c3b9 expected to be?
technical_with_token,Our audit flagged the PEM block xIZR3aW5UnfZDQjP7fJMHRzGJ3Phn1jdI1hd1LOVW3Vlfp5fL/xh+8roKS8HhtV3 -- what does that mean?
technical_with_token,Why does the PEM block nEdebIINTziytgQmg0xnJvl0UWnd5zP2xH/GdLPybexXx9FN//NOPv8FECOA71cy change on every rebuild?
technical_with_token,What tool produces a UUID like 51bd1fe6-a95f-4a56-7b47-424e2990190b?
technical_with_token,Our audit flagged the MD5 digest 559c84fb730462371a25e8c91a666c8e -- what does that mean?
technical_with_token,Our audit flagged the JWT segment 7xqaWpF9ATbE+uLS7azoLYKSPCLQkCTr.hzImQVPK4dzHlY7wilgJMuRE+TAPkXueKyjw9vAnIfHd9YiU -- what does that mean?
technical_with_token,How do I rotate the credential whose MD5 digest is 8150a4fa7a146cdc5d25d76ae95deff1?
technical_with_token,How do I rotate the credential whose UUID is 42ddc8aa-559c-9954-d9a4-e88922b25d5f?
technical_with_token,Is ba1b1ccba50108ff2a8503ae624270f371edb3db a valid git commit hash for this file?
technical_with_token,Our audit flagged the base64 key BlkIZVBhHnBCn7vNNATijN4hliEQphd5iWLjj8MGsR8= -- what does that mean?
technical_with_token,Why does the MD5 digest 6678337b04b06c2b9934a701e492597e change on every rebuild?
technical_with_token,My build produced the PEM block FGSYwgAAmuSJrk4LFHNPPBHs+JUN15hcaUUjJKYR1kJWgiwFWk5s6Jo/mO8bRIoj -- how do I compare it with the previous one?
technical_with_token,What does this JWT segment identify: hBjm+w/I+28f1EUCXKSturNjJ2SqCDqU.Nuhfr2E9IV3o2a20fE66U8bUOhWUJQqbxXLg2IgYtPycATWf?
technical_with_token,How do I rotate the credential whose PEM block is T8E2yLgpFJ3aQza6nVJ0+pZZ9HItd7KTPUv6PLUTVvLRsmcXOgQHBlKVW8bRAbj2?
technical_with_token,Is it safe to log the git commit hash 7fd1f6f5fb4bd846d53be4cfb06182c66bef273c at debug level?
technical_with_token,Should the git commit hash 36d633abe805ad74cc0abc47530fe70ccb173097 be stored in version control?
technical_with_token,Why does the SHA-1 digest 8bebbc381e74da48fdeee970d31fe50b6a7e5a77 change on every rebuild?
technical_with_token,What tool produces a base64 key like pCBkK+NVGJvHQDs6CbPwr83W8HFuhENpG4DI3WJLpZY=?
technical_with_token,What does this MD5 digest identify: d6931caee0cf5b240263d37047216bfd?
technical_with_token,How long is the base64 key 7ZABFTWCylBWRnSBWUGUF/gj56Ga4G/unri+zZCRVlI= expected to be?
technical_with_token,My build produced the SHA-256 digest 0bfe44aa1ce1eda3ecef475c95cf901b2cd1ab0c60efc11701fb73749f5fd0ca -- how do I compare it with the previous one?
technical_with_token,My build produced the SHA-256 digest 933e2716bb1b65cf6ed119a7ea09cc31566b443acc6277dcb9173e2e1d1e55c2 -- how do I compare it with the previous one?
technical_with_token,Why does the git commit hash d2d4d34bc957bc9f4a827b81fcd2eccf0aa95dc6 change on every rebuild?
technical_with_token,What tool produces a base64 key like GazMca31VuqHprPMA63KB3iTeXgSVem4XbBI/wcHBJA=?
technical_with_token,How do I rotate the credential whose bcrypt hash is $2y$10$4olUGRwfg0oYW6p7sJ677Q?
technical_with_token,What does this bcrypt hash identify: $2y$10$H8jKbj+g27Bo6jnEdV+aqQ?
technical_with_token,Is 04be5762cf5a3bd56580c0c25ec2ff504bfad5fb a valid SHA-1 digest for this file?
technical_with_token,What tool produces a bcrypt hash like $2y$10$FhOFzXmthmjKRP4qXy2bxA?
technical_with_token,Is 679b416788355bccdd622d3a3e080800b55934598bc4f682d03e5de7db4e98ef a valid SHA-256 digest for this file?
technical_with_token,Is it safe to log the JWT segment TVPGW2XfdvRhYzXoVUTxsKeh8D+HvFjQ.+5vn9UzbgCG+qJL4CzBjLuXAVP6Zubv69NqB+NxKLV/Z79uE at debug level?
technical_with_token,How do I rotate the credential whose JWT segment is PwFcmMzaILhjVTnz4vDMDsCKsHPdaOu9.pDIwXBxGtCKeks1FWbUfsRJT3er8LlJT7SgBgmv3nFJ58jIX?
technical_with_token,Can you explain what the SHA-256 digest 2e56d96c59a42a3fc50044f755fd97cb8045f706b5e193bba7b06bda64211135 encodes?
technical_with_token,Should the JWT segment WcEd4/FNsx8BjV3mAGdHgOJJRoy9gquK.9xrMaXcfssJ4IXWuDEessCmbTu6qd615/jWieHetBlC2+pMi be stored in version control?
technical_with_token,My build produced the base64 key 4cOF3L6TnHeZZWLac/6Uqm0Q/Es1TncGB41v5vzA8Ro= -- how do I compare it with the previous one?
technical_with_token,Can you explain what the PEM block vuIm1ec/nj2NE/w7mB/bw58VhgTleshzVYFYGqdZfG+9yjHImjFS+SeCl2Nl/2U9 encodes?
technical_with_token,What tool produces a UUID like adfced9d-802d-8518-af6a-c3390ef66cb3?
technical_with_token,Is sha256:3d76457426a047aa5e681948f18d119683f86d53c5546da67e8efb7ae4571111 a valid Docker image digest for this file?
technical_with_token,How do I verify the base64 key tHBGaVZiadhVMahbqVbzg6xQycTJqJlOhA/y1V2w3+w= before deploying?
technical_with_token,Should the base64 key rfvKCN1cctO+1AdzYL/DKyCJitZGXx398IMiEe0WYYw= be stored in version control?
technical_with_token,Is 57db0387364f21670f70e69c4e36ba5a a valid MD5 digest for this file?
technical_with_token,What tool produces a SHA-1 digest like 3de1cb9f444231f554a4c16e4accbdd1788f3e7b?
technical_with_token,How do I rotate the credential whose base64 key is 58ew8gH+2D/N/mTQpFgE8OVgVD7c6+vO0ZPCxTir+gM=?
technical_with_token,Our audit flagged the SHA-256 digest 203e44ffb9b8da4d3705d561363d3318e0f44bacf3ec962cb8332bc0520177e6 -- what does that mean?
technical_with_token,Can you explain what the SHA-256 digest bb83865dbc9baf754502f7d7841d6adf07155eb38fbc3fa5f679edd420233b5b encodes?
technical_with_token,My build produced the UUID 2c5b6e96-e114-d576-e03f-b18a2a363e7c -- how do I compare it with the previous one?
technical_with_token,Is it safe to log the JWT segment 06lwH+I7aHjizjXDRGnuAKsonBIHYdPm.SNNxP7ZIcmNowx1SuyRfIZmxdPB9XET5XzbAVajPn59mfKWH at debug level?
technical_with_token,Can you explain what the base64 key MZkJJQGkbdpZM6FHnakQ6njd8IXKibK87rnseJy+6vE= encodes?
technical_with_token,Why does the base64 key lX933gdk8tjou31JMpbNc5FhJ96CXQGZVmn9U1KUeN0= change on every rebuild?
technical_with_token,Our audit flagged the SHA-256 digest 5a456958e5b0fa3f5ce046c5d4c290454fc2831e3a03caa5c9444c12dab75496 -- what does that mean?
technical_with_token,Our audit flagged the SHA-1 digest d7794b88a8550065a43afa67555077eab4ae04f3 -- what does that mean?
technical_with_token,Can you explain what the JWT segment ZqF2616+cvfod4bV1g+K1mDizFR8P5g+.6rG4GwJRnqrh//htu46GDYRdCN5u6boSXSZMbm0MRrFZDBrO encodes?
technical_with_token,My build produced the Docker image digest sha256:89ad71fe4230324a75d71cad2aa3db9d28ef8595647dd30ba3f4a3056580ef58 -- how do I compare it with the previous one?
technical_with_token,Is dffbc0e1f46658d8f8aa9fb46af4957a a valid MD5 digest for this file?
technical_with_token,What tool produces a Docker image digest like sha256:c9dfc58b6f240846cf4cff01518f89973f3bda1735b8393696781432f0b2fa73?
technical_with_token,Should the UUID 812de6ca-39a9-c475-3c0d-702f5e82b7a0 be stored in version control?
technical_with_token,Is d1EkgMJAxdEepXOlNQ4khoz0hbYdDyyU.C6mn2dhTm29bGJEMQrh4isn8ai7cmxg2Xz5EFKY9zTrywJV7 a valid JWT segment for this file?
technical_with_token,Is sha256:7654e8c9a8374cd524f30262df30cdf2f534cbc876efc914041d32818f7ebcd2 a valid Docker image digest for this file?
technical_with_token,What tool produces a git commit hash like fdbeec1ab9e114ccda7ca9e8143581338c0a24c4?
technical_with_token,How long is the MD5 digest 992721154d4d0aa6c8a6cad2b39bf2a3 expected to be?
technical_with_token,Can you explain what the Docker image digest sha256:323364244ad339cbb219994fbea9e077b43c733c927830e104c9e2ad4e8b3590 encodes?
technical_with_token,How do I rotate the credential whose MD5 digest is d50b16bdac63be36604346c7e6a75829?
technical_with_token,Can you explain what the bcrypt hash $2y$10$30K/SY2A7nQM0WYSmZuqLQ encodes?
technical_with_token,Is it safe to log the JWT segment 16/KbFel8amjOc5eNhd0uofdgzAQFnPu.tD0GxW5xvtVZ80mkS8wf1WacC8d8re8BRVHsuTmSiml6OMdW at debug level?
technical_with_token,Should the MD5 digest 68da20c04ed19a127f482803769d0aa4 be stored in version control?
technical_with_token,What does this Docker image digest identify: sha256:f7fe4573f4081a93fe2b1e06f37ffa2490e3c5b570a619af73b3f6fe71514e0a?
technical_with_token,What tool produces a UUID like 192cb369-21b8-f8b1-f94d-b09e9fa49e1f?
technical_with_token,Can you explain what the SHA-1 digest 92be6d24d785c704f430cf14282de3af90d0409d encodes?
technical_with_token,Is sha256:d7a117fb5bed9a4dc4faa7f7217ccc5012e558268ca773d29b4abc5b2c38ee9f a valid Docker image digest for this file?
technical_with_token,Our audit flagged the bcrypt hash $2y$10$UA+Y41t2qJ0kgsI6OPXMYQ -- what does that mean?
technical_with_token,What tool produces a MD5 digest like 62a4c873b7ea707e95356280d54cb191?
technical_with_token,Why does the bcrypt hash $2y$10$VrB11XqCNNC5WyeD4QfZYw change on every rebuild?
technical_with_token,Should the MD5 digest 6b951172eec650f7374af07847383b85 be stored in version control?
technical_with_token,Should the JWT segment JeSWVxvq/rD4yHc8OHvVrH9NLpa+aFsY.wyCvw+0C/XRchu2zwIUXsYnuV7Q2CCg7qHIgvNxz9F62K2pf be stored in version control?
technical_with_token,Can you explain what the PEM block w5RayMSq4SZuw51dGeR9nkB7j7ltjOIsvcAhhd/dYrIlNa87+1y97XNC5AhYMVx7 encodes?
technical_with_token,My build produced the SHA-256 digest ff54bedba2a82020ab4408774f73d8247cd101ccdedc3eb0b1cab95dfcb4dc90 -- how do I compare it with the previous one?
technical_with_token,What tool produces a git commit hash like a1cf6fc5cf543d266905ebba51f27961038ef694?
technical_with_token,What does this SHA-256 digest identify: 155cbfbf4050fbb06a07b28345bb6c83e144686addda5ae4a099f82f53e49279?
technical_with_token,What does this SHA-256 digest identify: 82964a37e73e5dcc2d8fdd500afc692940b481f42ef3e18d9c4e221829527fad?
technical_with_token,How long is the UUID f3004217-b5cb-288d-8d0b-14856162a89d expected to be?
technical_with_token,Can you explain what the git commit hash 9b8a9e9a32fe9ad0e4465d9cf7374813e8dfb100 encodes?
technical_with_token,How long is the PEM block Y2F3tdKWRCRdMzbg5xBlpeEQ7TNzWXfnBpj871irHeJ8DxO1fdb+JA5ZQabR9Fme expected to be?
technical_with_token,How do I verify the UUID c4693d8b-ff5d-c797-0dee-cb890f48f4f1 before deploying?
technical_with_token,What does this JWT segment identify: sYlVk18pNjQBZcL3g+qmNNGbsbSDBBFw.VhsZri12msWL0c6Lrbpdt0HyOpASO9hpYRd+8dUMmwKvDWEB?
technical_with_token,How do I rotate the credential whose SHA-256 digest is 532de831020effbe27dafda9c94d86de49b337cf46782215e1cffa6277086cde?
technical_with_token,Why does the SHA-256 digest b6d11814257030d49075bdb808d3093e8e7f526755e1704de874cb9227de169f change on every rebuild?
technical_with_token,Is i0wbdca9HsgZ5Jda2UqgnD5Psz7ApnVhAVAlt3coJK8= a valid base64 key for this file?
technical_with_token,What tool produces a git commit hash like f4e41094c1ab1c005491308ed63a058743032cb8?
technical_with_token,How do I verify the SHA-256 digest 26c5fd19b870dcc2dfe355248c43c615b04c89c4c85aaa4876e6d94af9eb8bdc before deploying?
technical_with_token,Is 8RMtcicgBBoOl6NyXfsqlGFkJv8qi1DoTdHScSk1hcnmDs7k/wpneMprPZOI55kM a valid PEM block for this file?
technical_with_token,How long is the bcrypt hash $2y$10$5Jzhr3OfrteyQ1k9P2wX2Q expected to be?
technical_with_token,Should the SHA-1 digest f57aff47fa989e8ed75bf0ba38d312621777584d be stored in version control?
technical_with_token,How do I rotate the credential whose SHA-256 digest is cfaf012cf92e16e2fa3f71bb83516bbc7b656543d1a9cab0165f2d5a1e10de97?
technical_with_token,What tool produces a MD5 digest like 9da85436bcf0843cd314e683bcc0b586?
technical_with_token,Is it safe to log the MD5 digest 9acc244aef59fb9f316d7d916d25274d at debug level?
technical_with_token,How do I verify the git commit hash 42aab094052a89b99cb4fbd0388c0bdcdc139274 before deploying?
technical_with_token,How long is the Docker image digest sha256:60a9c96d9ffcc281bb558e6134f6030e6de431394612fc9d3aa851a094a48594 expected to be?
technical_with_token,How do I rotate the credential whose PEM block is 3izZJmeX4yC8uqFUsfoMKIwQoWXlywJDzZPzXS2CecoHJi28NkNNTykSArrpSaac?
technical_with_token,What tool produces a bcrypt hash like $2y$10$7+itov2gFCxUHc/COY2igA?
technical_with_token,Our audit flagged the base64 key s5UdV8+30bF0zwy7HiGSqNFxvt921EMGRIT0i7mvXeo= -- what does that mean?
technical_with_token,Why does the base64 key DE1712OjfNIqfIvnQZ2kXootJ3AZswPHovVYrDNHVGQ= change on every rebuild?
technical_with_token,What tool produces a MD5 digest like 4b8320d57fdc911755b6aafbb4a02844?
technical_mixed,What is entropy in the context of key generation?
technical_mixed,How do I read a private key file safely in Python?
technical_mixed,How does bcrypt decide the cost factor?
technical_mixed,Why is MD5 no longer considered safe for passwords?
technical_mixed,Which algorithm should replace SHA-1 in new systems?
technical_mixed,What happens if two files produce the same hash?
technical_mixed,How does bcrypt decide the cost factor?
technical_mixed,How do JSON Web Tokens carry claims without encryption?
technical_mixed,How does git decide that two commits are identical?
technical_mixed,Why do container registries address images by digest?
technical_mixed,How does git decide that two commits are identical?
technical_mixed,What does a certificate chain actually prove?
technical_mixed,How long is the SHA-1 digest 6f619204be4e41581da299367831080a9e449768 expected to be?
technical_mixed,How do I read a private key file safely in Python?
technical_mixed,What tool produces a SHA-256 digest like 99de4599579e62aa6f3f54dc78b73d1cfd476dfb812da523dbdf339f641faa41?
technical_mixed,What tool produces a SHA-1 digest like 7e2ddf2570c215b4a3be5eece897cdf03c017700?
technical_mixed,What tool produces a git commit hash like 91395934459664c03715bb87c9a503eed807a662?
technical_mixed,Why is it bad practice to log full request headers?
technical_mixed,Can you explain what the JWT segment hvUIApFQfCmvo7RsGxA7HzMKfllVG0sJ.OKcYC9yOl6H6SbCxRUNFRL+RiaWvKVT7yWeKi50/O3XwtfM6 encodes?
technical_mixed,What is the difference between hashing and encrypting a password?
technical_mixed,How should secrets be passed to a process without writing them to disk?
technical_mixed,Why do container registries address images by digest?
technical_mixed,What does the ssh-rsa prefix mean in an authorized_keys file?
technical_mixed,Is it safe to log the JWT segment SYdHr3Lms4aUmj+PKm+/dusF7xrpQXWL.oaT6aGSL9zpF9nfZoDSDghdJ/342nRj49mff5TwkTpQq4zYb at debug level?
technical_mixed,How are HMAC signatures verified on the server side?
technical_mixed,How does bcrypt decide the cost factor?
technical_mixed,Is it safe to log the Docker image digest sha256:e2b2e0f799d8c913d999d41ac1514d0194f8c9a345331423e836271c74de6ca4 at debug level?
technical_mixed,How does bcrypt decide the cost factor?
technical_mixed,What is the purpose of the base64 field in a Kubernetes secret?
technical_mixed,How do JSON Web Tokens carry claims without encryption?
technical_mixed,Why is it bad practice to log full request headers?
technical_mixed,How are HMAC signatures verified on the server side?
technical_mixed,What is the difference between hashing and encrypting a password?
technical_mixed,Why does the SHA-256 digest 36986224f1290ae2a8b91bfab996d5d76328d1c1113cfa8a8a2b6764a29e6504 change on every rebuild?
technical_mixed,My build produced the PEM block 157cSR2z63BeMyEgngVFXmCqgJy9yvePYEYNxCfe43Uo4m4M00F89USEB778pIor -- how do I compare it with the previous one?
technical_mixed,How do JSON Web Tokens carry claims without encryption?
technical_mixed,Why is it bad practice to log full request headers?
technical_mixed,What does the ssh-rsa prefix mean in an authorized_keys file?
technical_mixed,How are HMAC signatures verified on the server side?
technical_mixed,What happens if two files produce the same hash?
technical_mixed,What happens if two files produce the same hash?
technical_mixed,How do I read a private key file safely in Python?
technical_mixed,What does a certificate chain actually prove?
technical_mixed,What is a reasonable key rotation policy for internal services?
technical_mixed,Why is it bad practice to log full request headers?
technical_mixed,How do JSON Web Tokens carry claims without encryption?
technical_mixed,What is entropy in the context of key generation?
technical_mixed,What does the ssh-rsa prefix mean in an authorized_keys file?
technical_mixed,Our audit flagged the JWT segment frRqLpsAgXBeGQlKQeSMuz+vx4VqylH+.jCLrAam70GCJiC4hbiD8ZeLJ6qkABErW450zqsVZGgTq+e23 -- what does that mean?
technical_mixed,How do JSON Web Tokens carry claims without encryption?
technical_mixed,Our audit flagged the git commit hash 2c3f8ea6d17b13571fb4498e488152f11ccb3199 -- what does that mean?
technical_mixed,What does a certificate chain actually prove?
technical_mixed,How do I verify the SHA-1 digest 359b60cdbd83c0160e98b75bce3d05e07c3a3eb8 before deploying?
technical_mixed,What is entropy in the context of key generation?
technical_mixed,What is the purpose of the base64 field in a Kubernetes secret?
technical_mixed,Should the MD5 digest 41ac657f3e0f181eb29661b82f6dd2b6 be stored in version control?
technical_mixed,What does a certificate chain actually prove?
technical_mixed,Why do container registries address images by digest?
technical_mixed,What is entropy in the context of key generation?
technical_mixed,Why is it bad practice to log full request headers?
technical_mixed,Which algorithm should replace SHA-1 in new systems?
technical_mixed,When should I use a UUID instead of an auto-increment key?
technical_mixed,What is a reasonable key rotation policy for internal services?
technical_mixed,How does bcrypt decide the cost factor?
technical_mixed,What does a certificate chain actually prove?
technical_mixed,How do I read a private key file safely in Python?
technical_mixed,Why does the git commit hash 1c89caf3f7d480ee50fe03965115a9e65d38171e change on every rebuild?
technical_mixed,Is it safe to log the SHA-1 digest 97770822de8de0c1ebd3d26627d61ad4c092fd70 at debug level?
technical_mixed,How do I compute a checksum for a large file efficiently?
technical_mixed,What happens if two files produce the same hash?
technical_mixed,How does git decide that two commits are identical?
technical_mixed,What does the ssh-rsa prefix mean in an authorized_keys file?
technical_mixed,What does a certificate chain actually prove?
technical_mixed,What is a reasonable key rotation policy for internal services?
technical_mixed,How do I compute a checksum for a large file efficiently?
technical_mixed,How do I rotate the credential whose base64 key is 3RKZvJdzRp3oVnSZEYK3bbX7gYlpO3qNjbvyEd+cx+k=?
technical_mixed,What tool produces a base64 key like zrAvDMLXnXpE7KWh7JezdXetgVD1JSN48QDmu3V1l9s=?
technical_mixed,How do JSON Web Tokens carry claims without encryption?
technical_mixed,What happens if two files produce the same hash?
technical_mixed,Why is MD5 no longer considered safe for passwords?
technical_mixed,How are HMAC signatures verified on the server side?
technical_mixed,What is the difference between base64 and base64url encoding?
technical_mixed,How are HMAC signatures verified on the server side?
technical_mixed,Which algorithm should replace SHA-1 in new systems?
technical_mixed,When should I use a UUID instead of an auto-increment key?
technical_mixed,When should I use a UUID instead of an auto-increment key?
technical_mixed,My build produced the UUID 623c2f1a-469d-a636-bd29-f3fda392a955 -- how do I compare it with the previous one?
technical_mixed,Which algorithm should replace SHA-1 in new systems?
technical_mixed,How are HMAC signatures verified on the server side?
technical_mixed,What is the difference between base64 and base64url encoding?
technical_mixed,What does the ssh-rsa prefix mean in an authorized_keys file?
technical_mixed,What does the ssh-rsa prefix mean in an authorized_keys file?
technical_mixed,How should secrets be passed to a process without writing them to disk?
technical_mixed,Why is it bad practice to log full request headers?
technical_mixed,How do I read a private key file safely in Python?
technical_mixed,What is the difference between hashing and encrypting a password?
technical_mixed,How do I compute a checksum for a large file efficiently?
technical_mixed,Why is it bad practice to log full request headers?
technical_mixed,What is the difference between base64 and base64url encoding?
technical_mixed,Why is it bad practice to log full request headers?
technical_mixed,Why is MD5 no longer considered safe for passwords?
technical_mixed,How do JSON Web Tokens carry claims without encryption?
technical_mixed,How does git decide that two commits are identical?
technical_mixed,When should I use a UUID instead of an auto-increment key?
technical_mixed,What does the ssh-rsa prefix mean in an authorized_keys file?
technical_mixed,Why do container registries address images by digest?
technical_mixed,What is the difference between hashing and encrypting a password?
technical_mixed,What is the difference between base64 and base64url encoding?
technical_mixed,What happens if two files produce the same hash?
technical_mixed,What is the difference between hashing and encrypting a password?
technical_mixed,Is it safe to log the MD5 digest 47ac388bc7aae791fb31a9e7faee16e0 at debug level?
technical_mixed,Our audit flagged the MD5 digest bd46926658c6ae3a939ad87206a83b5b -- what does that mean?
technical_mixed,Why is MD5 no longer considered safe for passwords?
technical_mixed,How are HMAC signatures verified on the server side?
technical_mixed,What is entropy in the context of key generation?
technical_mixed,What happens if two files produce the same hash?
technical_mixed,What is the purpose of the base64 field in a Kubernetes secret?
technical_mixed,What is entropy in the context of key generation?
technical_mixed,My build produced the SHA-256 digest 8f29809c6be07ef495b9d8894194d5ac97c461e6f153a78177d555591a318d1c -- how do I compare it with the previous one?
technical_mixed,What does the ssh-rsa prefix mean in an authorized_keys file?
technical_mixed,How do I compute a checksum for a large file efficiently?
technical_mixed,How do JSON Web Tokens carry claims without encryption?
technical_mixed,Our audit flagged the SHA-256 digest 1bf906ec5e4952129330b873f5fe64e5fd515a4179ba87b104588884b89d49a3 -- what does that mean?
technical_mixed,How should secrets be passed to a process without writing them to disk?
technical_mixed,Why do container registries address images by digest?
technical_mixed,Which algorithm should replace SHA-1 in new systems?
technical_mixed,What is the difference between hashing and encrypting a password?
technical_mixed,How does bcrypt decide the cost factor?
technical_mixed,What does a certificate chain actually prove?
technical_mixed,Why is MD5 no longer considered safe for passwords?
technical_mixed,What is the difference between hashing and encrypting a password?
technical_mixed,Which algorithm should replace SHA-1 in new systems?
technical_mixed,What is the purpose of the base64 field in a Kubernetes secret?
technical_mixed,How are HMAC signatures verified on the server side?
technical_mixed,What is the difference between base64 and base64url encoding?
technical_mixed,How does bcrypt decide the cost factor?
technical_mixed,What is a reasonable key rotation policy for internal services?
technical_mixed,Why does the JWT segment Jm6HloWeuwZpaV9rDDC1uFmenZy5vPOI.XlT/4ir7fPHDcMpqJqRnigTXiNaGkK4D6tgh71WKlHiddg6n change on every rebuild?
technical_mixed,How do I compute a checksum for a large file efficiently?
technical_mixed,Why is MD5 no longer considered safe for passwords?
technical_mixed,How do I read a private key file safely in Python?
technical_mixed,How do I verify the SHA-1 digest 98acb47ddf33ead5b3a566c33e855530b44700f9 before deploying?
technical_mixed,How does git decide that two commits are identical?
technical_mixed,Is it safe to log the bcrypt hash $2y$10$EBMZKpzZvdBTWPCzhJY96A at debug level?
technical_mixed,When should I use a UUID instead of an auto-increment key?
technical_mixed,How do I read a private key file safely in Python?
technical_mixed,What does a certificate chain actually prove?
technical_mixed,Why is MD5 no longer considered safe for passwords?
technical_mixed,What is the difference between hashing and encrypting a password?
technical_mixed,What is the difference between hashing and encrypting a password?
technical_mixed,How does bcrypt decide the cost factor?
technical_mixed,What is the difference between base64 and base64url encoding?
technical_mixed,What happens if two files produce the same hash?
technical_mixed,How does git decide that two commits are identical?
technical_mixed,How does bcrypt decide the cost factor?
technical_mixed,What is the difference between base64 and base64url encoding?
technical_mixed,How do JSON Web Tokens carry claims without encryption?
technical_mixed,How do I compute a checksum for a large file efficiently?
technical_mixed,How do I verify the base64 key shCjRMTp50mUJdkLJN+1vx8HHFSQcOK55WPrUBrHmuI= before deploying?
technical_mixed,Which algorithm should replace SHA-1 in new systems?
technical_mixed,How should secrets be passed to a process without writing them to disk?
technical_mixed,Why do container registries address images by digest?
technical_mixed,How do JSON Web Tokens carry claims without encryption?
technical_mixed,What happens if two files produce the same hash?
technical_mixed,How should secrets be passed to a process without writing them to disk?
technical_mixed,What is the purpose of the base64 field in a Kubernetes secret?
technical_mixed,What is the difference between base64 and base64url encoding?
technical_mixed,What does a certificate chain actually prove?
technical_mixed,How does git decide that two commits are identical?
technical_mixed,How do I compute a checksum for a large file efficiently?
technical_mixed,When should I use a UUID instead of an auto-increment key?
technical_mixed,How do I compute a checksum for a large file efficiently?
technical_mixed,Why does the JWT segment xGbGiwqA71BHldqRb59qo/d6GMprSrN6.bj1TJALV3HfB1uKWEPUr1q8ZtwH74ZcYoXycvJKd1s60rNCk change on every rebuild?
technical_mixed,What is a reasonable key rotation policy for internal services?
technical_mixed,What does a certificate chain actually prove?
technical_mixed,What does the ssh-rsa prefix mean in an authorized_keys file?
technical_mixed,What does the ssh-rsa prefix mean in an authorized_keys file?
technical_mixed,What is entropy in the context of key generation?
technical_mixed,What is the purpose of the base64 field in a Kubernetes secret?
technical_mixed,My build produced the base64 key QBY9lezl6pnw5MQpqy1C8GPtpNG9RzysltdH0OWMkBo= -- how do I compare it with the previous one?
technical_mixed,What does a certificate chain actually prove?
technical_mixed,What does this JWT segment identify: +pJ0DZWb2l4KAQLi9nqhd/fffODjM7K3.C7vE/ZuI+TygzvIsZKT6/Hl6yeCllwJIBAvswjy7HMmQszZ1?
technical_mixed,How should secrets be passed to a process without writing them to disk?
technical_mixed,Why is it bad practice to log full request headers?
technical_mixed,Can you explain what the Docker image digest sha256:8c83ea62ab679d4ed816a6a20c0b6f25a80d0e53dadd5a6efcc93274726434a2 encodes?
technical_mixed,How should secrets be passed to a process without writing them to disk?
technical_mixed,Why is it bad practice to log full request headers?
technical_mixed,What does the ssh-rsa prefix mean in an authorized_keys file?
technical_mixed,Why is it bad practice to log full request headers?
technical_mixed,How do I verify the UUID 0ab74fc3-3376-7155-a1ea-4fad0728ebee before deploying?
technical_mixed,How do I read a private key file safely in Python?
technical_mixed,What is the difference between hashing and encrypting a password?
technical_mixed,What is entropy in the context of key generation?
technical_mixed,What does a certificate chain actually prove?
technical_mixed,What happens if two files produce the same hash?
technical_mixed,My build produced the Docker image digest sha256:271adf25a145f9ad8831d1dd13c5da92282986bca65290dc0c99081872ed70e7 -- how do I compare it with the previous one?
technical_mixed,How does bcrypt decide the cost factor?
technical_mixed,How do I compute a checksum for a large file efficiently?
technical_mixed,What is the difference between hashing and encrypting a password?
technical_mixed,Why is it bad practice to log full request headers?
technical_mixed,How do I rotate the credential whose MD5 digest is ffe99c6550b15f42e94170efec4bf810?
technical_mixed,What tool produces a SHA-256 digest like 9f236938b510520a31842c10fac5652bb037d025ce40a777320b0ea4fecac4b0?
technical_mixed,When should I use a UUID instead of an auto-increment key?
technical_mixed,Why do container registries address images by digest?
technical_mixed,What does the ssh-rsa prefix mean in an authorized_keys file?
technical_mixed,What is the difference between base64 and base64url encoding?
technical_mixed,When should I use a UUID instead of an auto-increment key?
technical_mixed,How does bcrypt decide the cost factor?
technical_mixed,How does git decide that two commits are identical?
technical_mixed,How long is the git commit hash 052fa38bb246b87aa6410714d86bffe88456c24f expected to be?
technical_mixed,Why do container registries address images by digest?
technical_mixed,What does the ssh-rsa prefix mean in an authorized_keys file?
technical_mixed,What does the ssh-rsa prefix mean in an authorized_keys file?
technical_mixed,How should secrets be passed to a process without writing them to disk?
technical_mixed,How are HMAC signatures verified on the server side?
technical_mixed,How does bcrypt decide the cost factor?
technical_mixed,Why do container registries address images by digest?
technical_mixed,When should I use a UUID instead of an auto-increment key?
technical_mixed,How do JSON Web Tokens carry claims without encryption?
technical_mixed,What does a certificate chain actually prove?
technical_mixed,Which algorithm should replace SHA-1 in new systems?
technical_mixed,My build produced the PEM block aMFfTBaCyh/KOYXcHd1Db8Qm0oVfKyFrYaRRNASvXqVCVxYzDYf1xMTwgWTkObmP -- how do I compare it with the previous one?
technical_mixed,What is the difference between base64 and base64url encoding?
technical_mixed,What happens if two files produce the same hash?
technical_mixed,How do I compute a checksum for a large file efficiently?
technical_mixed,When should I use a UUID instead of an auto-increment key?
technical_mixed,What happens if two files produce the same hash?
technical_mixed,Should the SHA-1 digest fffa4409c7d6f98027c97dc66b96eacc86fc22ad be stored in version control?
technical_mixed,What is the difference between hashing and encrypting a password?
technical_mixed,How should secrets be passed to a process without writing them to disk?
technical_mixed,What is the difference between base64 and base64url encoding?
technical_mixed,What tool produces a Docker image digest like sha256:0557206008af29827c14d19b0783a32882d73ffbff1961c2a05dc04c290eb8da?
technical_mixed,How do JSON Web Tokens carry claims without encryption?
technical_mixed,How do JSON Web Tokens carry claims without encryption?
technical_mixed,What is the purpose of the base64 field in a Kubernetes secret?
technical_mixed,What tool produces a JWT segment like FOU1hY+x4eXaaFSCldzqPWArjVaEttCD.mYVC7UmfXAIgBRlGWTYLhrtwb6hOyd+PUbamAVfbNNRgSdGM?
technical_mixed,What is a reasonable key rotation policy for internal services?
technical_mixed,How do I read a private key file safely in Python?
technical_mixed,How should secrets be passed to a process without writing them to disk?
technical_mixed,How should secrets be passed to a process without writing them to disk?
technical_mixed,How does git decide that two commits are identical?
technical_mixed,Why is it bad practice to log full request headers?
technical_mixed,Why is MD5 no longer considered safe for passwords?
technical_mixed,What happens if two files produce the same hash?
technical_mixed,How do I verify the JWT segment poDW4n+BGpLThJhzs2ZNwEuRn3AUYIEe.PD9oh2OTLv2x/Zfgbjxqh90SVLJRKegMXwxihgMuzS6Mx91h before deploying?
technical_mixed,How does git decide that two commits are identical?
technical_mixed,Why is it bad practice to log full request headers?
technical_mixed,What does a certificate chain actually prove?
technical_mixed,Why is MD5 no longer considered safe for passwords?
technical_mixed,What is a reasonable key rotation policy for internal services?
technical_mixed,Why do container registries address images by digest?
technical_mixed,How do JSON Web Tokens carry claims without encryption?
technical_mixed,How do I compute a checksum for a large file efficiently?
technical_mixed,How does git decide that two commits are identical?
technical_mixed,What does a certificate chain actually prove?
technical_mixed,What is the difference between base64 and base64url encoding?
technical_mixed,How do I compute a checksum for a large file efficiently?
technical_mixed,When should I use a UUID instead of an auto-increment key?
technical_mixed,How does bcrypt decide the cost factor?
technical_mixed,What is the purpose of the base64 field in a Kubernetes secret?
technical_mixed,What is a reasonable key rotation policy for internal services?
technical_mixed,What does a certificate chain actually prove?
technical_mixed,What does the ssh-rsa prefix mean in an authorized_keys file?
technical_mixed,When should I use a UUID instead of an auto-increment key?
technical_mixed,What is the difference between base64 and base64url encoding?
technical_mixed,How does bcrypt decide the cost factor?
technical_mixed,Should the JWT segment noWd5k3VDOBRcxgDPkvTHI1zurXFfR4+.7SOkAsFCJLG5NRA8ZOaRdj6WcjwAr+8Y7SgPrQoUE7LJ+zPX be stored in version control?
technical_mixed,Can you explain what the SHA-1 digest 6e0a32aeee625db38310d7ce93617c90c9c7b466 encodes?
technical_mixed,How should secrets be passed to a process without writing them to disk?
technical_mixed,How do I read a private key file safely in Python?
technical_mixed,What does a certificate chain actually prove?
technical_mixed,Which algorithm should replace SHA-1 in new systems?
technical_mixed,Is MQKUD+7NwveRUT7gmHDWBKQP0zZOLbVGd8xaCS2m0DuFyCme+aRAGsaNZ0oMpKqg a valid PEM block for this file?
technical_mixed,How are HMAC signatures verified on the server side?
technical_mixed,How long is the base64 key Gidi5uyEaNRCbfCnEUPY7ZRSF3nTuCyrTKXIhjuy9so= expected to be?
technical_mixed,Why is it bad practice to log full request headers?
technical_mixed,Why do container registries address images by digest?
technical_mixed,What is the purpose of the base64 field in a Kubernetes secret?
technical_mixed,What is the purpose of the base64 field in a Kubernetes secret?
technical_mixed,What happens if two files produce the same hash?
technical_mixed,How are HMAC signatures verified on the server side?
technical_mixed,How does git decide that two commits are identical?
technical_mixed,Our audit flagged the git commit hash 7331dcd6e07830e672fee4c36da5f78612dc705d -- what does that mean?
technical_mixed,Why do container registries address images by digest?
technical_mixed,How does bcrypt decide the cost factor?
technical_mixed,How long is the SHA-256 digest 3d073305fc94a6f43350095a77d9e35fc15c0737c2ce93ff96be5c979255865d expected to be?
technical_mixed,What is entropy in the context of key generation?
technical_mixed,How do JSON Web Tokens carry claims without encryption?
technical_mixed,Why is it bad practice to log full request headers?
technical_mixed,How do I read a private key file safely in Python?
technical_mixed,What does this SHA-1 digest identify: e8b43a104fcd8d3f3246530c3935f46d2b2e4968?
technical_mixed,How does bcrypt decide the cost factor?
technical_mixed,What happens if two files produce the same hash?
technical_mixed,My build produced the JWT segment Pg0GKWmcMEXpnrHxov0VWDB61ptbpEg9.dx0E4KzyObPrXQ4WaD4JG4ExOXxUSbbTW8qnLbEary3k9qaB -- how do I compare it with the previous one?
technical_mixed,How do I compute a checksum for a large file efficiently?
technical_mixed,Our audit flagged the PEM block bqeu9hRsh9z3WY6MEh8VSePKTnyzew3Mc1v0ODdk4CqgksYatn5O7GslQXmVyQwF -- what does that mean?
technical_mixed,Can you explain what the Docker image digest sha256:1bf1bafea98ce4c850d30cb712b7befdc19a99474bfc00fd5d431423b47c93f8 encodes?
technical_mixed,Why do container registries address images by digest?
technical_mixed,How do I verify the SHA-256 digest 28e628ff2f4c3d2a5639c21426564db231044862a9c80fdba5d4ad90d7fbcb35 before deploying?
technical_mixed,Why do container registries address images by digest?
technical_mixed,What is a reasonable key rotation policy for internal services?
technical_mixed,Can you explain what the SHA-1 digest e43e8a8086089fb1776f04b9e22968fc3f436698 encodes?
technical_mixed,How should secrets be passed to a process without writing them to disk?
technical_mixed,When should I use a UUID instead of an auto-increment key?
technical_mixed,Should the SHA-1 digest bc5babc588e7d5e977422ed605ae53e1e92df01a be stored in version control?
technical_mixed,How do JSON Web Tokens carry claims without encryption?
technical_mixed,How do JSON Web Tokens carry claims without encryption?
technical_mixed,Why does the git commit hash 0fbe656e65150f2d86dc5ca60b36e1ae768381b5 change on every rebuild?
technical_mixed,What is the difference between base64 and base64url encoding?
technical_mixed,Why is it bad practice to log full request headers?
technical_mixed,What is the difference between hashing and encrypting a password?
technical_mixed,What is the purpose of the base64 field in a Kubernetes secret?
technical_mixed,Which algorithm should replace SHA-1 in new systems?
technical_mixed,Should the PEM block hipY/yFE9NrSN72uQ/Njta6QxgG3Uh8jnzp/j0RtavE3NAykQXh6Uz1N6Czgapth be stored in version control?
technical_mixed,Why do container registries address images by digest?
technical_mixed,How are HMAC signatures verified on the server side?
technical_mixed,Which algorithm should replace SHA-1 in new systems?
technical_mixed,How does bcrypt decide the cost factor?
technical_mixed,What is the difference between base64 and base64url encoding?
technical_mixed,What is the purpose of the base64 field in a Kubernetes secret?
technical_mixed,How does git decide that two commits are identical?
technical_mixed,How are HMAC signatures verified on the server side?
technical_mixed,How are HMAC signatures verified on the server side?
technical_mixed,How do I rotate the credential whose UUID is 7635656b-d19c-9b43-aea4-ab39a03e271f?
technical_mixed,What does the ssh-rsa prefix mean in an authorized_keys file?
technical_mixed,What is entropy in the context of key generation?
technical_mixed,Which algorithm should replace SHA-1 in new systems?
technical_mixed,Why does the MD5 digest 74d0779302d76fbbb77ea87a49ec4537 change on every rebuild?
technical_mixed,What does the ssh-rsa prefix mean in an authorized_keys file?
technical_mixed,What does a certificate chain actually prove?
technical_mixed,My build produced the Docker image digest sha256:09c32c9515589557195124dd5f3c689941375b1e32e9d8a67fd808486d9a065d -- how do I compare it with the previous one?
technical_mixed,Is 1d7e1ef019579cd28ca45ac9f0311e52 a valid MD5 digest for this file?
technical_mixed,What is a reasonable key rotation policy for internal services?
technical_mixed,Why is MD5 no longer considered safe for passwords?
technical_mixed,What is the difference between base64 and base64url encoding?
technical_mixed,How does bcrypt decide the cost factor?
technical_mixed,Is e77d97ccb62a08d645fe6922a8fe044765b95551 a valid git commit hash for this file?
technical_mixed,Our audit flagged the UUID e5576081-71b8-ec36-b9c0-0b1f0f402fee -- what does that mean?
technical_mixed,How do JSON Web Tokens carry claims without encryption?
technical_mixed,What is a reasonable key rotation policy for internal services?
technical_mixed,What is the difference between base64 and base64url encoding?
technical_mixed,Is $2y$10$gsL9jWx88E9fNNd9c0vpkA a valid bcrypt hash for this file?
technical_mixed,What is the difference between base64 and base64url encoding?
technical_mixed,How should secrets be passed to a process without writing them to disk?
technical_mixed,Why is MD5 no longer considered safe for passwords?
technical_mixed,What is the purpose of the base64 field in a Kubernetes secret?
technical_mixed,What is a reasonable key rotation policy for internal services?
technical_mixed,What does a certificate chain actually prove?
technical_mixed,Why is it bad practice to log full request headers?
technical_mixed,What is the purpose of the base64 field in a Kubernetes secret?
technical_mixed,When should I use a UUID instead of an auto-increment key?
technical_mixed,What is the purpose of the base64 field in a Kubernetes secret?
technical_mixed,Which algorithm should replace SHA-1 in new systems?
technical_mixed,What is the difference between hashing and encrypting a password?
technical_mixed,How does git decide that two commits are identical?
technical_mixed,What is entropy in the context of key generation?
technical_mixed,How do I verify the SHA-256 digest e596fe42100f526e1958f81b4df6de960658e63ae0caa45fedb545e858363f12 before deploying?
technical_mixed,How does git decide that two commits are identical?
technical_mixed,How do I compute a checksum for a large file efficiently?
technical_mixed,How does git decide that two commits are identical?
technical_mixed,How should secrets be passed to a process without writing them to disk?
technical_mixed,What is entropy in the context of key generation?
technical_mixed,What is a reasonable key rotation policy for internal services?
technical_mixed,How do I verify the PEM block Rh626KjImxOwK9dq1COQCGybB3cmVRXBJvn6Dh6ee0g+HS/Wa/zzoPrj+f0FJTF4 before deploying?
technical_mixed,What is the purpose of the base64 field in a Kubernetes secret?
technical_mixed,How are HMAC signatures verified on the server side?
technical_mixed,What happens if two files produce the same hash?
technical_mixed,How do I read a private key file safely in Python?
technical_mixed,What is the difference between base64 and base64url encoding?
technical_mixed,How should secrets be passed to a process without writing them to disk?
technical_mixed,What is the difference between base64 and base64url encoding?
technical_mixed,Should the PEM block 4PgeHIxiaLyaHvQv6sn6So5jZUcoSCEyFcMoBRuPDZMWw/Og8FZUZoKpuaUq9lHY be stored in version control?
technical_mixed,Which algorithm should replace SHA-1 in new systems?
technical_mixed,Why is it bad practice to log full request headers?
technical_mixed,What does the ssh-rsa prefix mean in an authorized_keys file?
technical_mixed,How are HMAC signatures verified on the server side?
technical_mixed,What does the ssh-rsa prefix mean in an authorized_keys file?
technical_mixed,How are HMAC signatures verified on the server side?
technical_mixed,What is a reasonable key rotation policy for internal services?
technical_mixed,How does git decide that two commits are identical?
technical_mixed,Why do container registries address images by digest?
technical_mixed,Which algorithm should replace SHA-1 in new systems?
technical_mixed,How are HMAC signatures verified on the server side?
technical_mixed,How do I verify the SHA-256 digest d871df449db39f9dc57c47ba6b87737399977c1d64cdc4fc8c4a33635405834b before deploying?
technical_mixed,Why do container registries address images by digest?
technical_mixed,When should I use a UUID instead of an auto-increment key?
technical_mixed,When should I use a UUID instead of an auto-increment key?
technical_mixed,What does the ssh-rsa prefix mean in an authorized_keys file?
technical_mixed,What does the ssh-rsa prefix mean in an authorized_keys file?
technical_mixed,What is the purpose of the base64 field in a Kubernetes secret?
technical_mixed,Why is it bad practice to log full request headers?
technical_mixed,What does the ssh-rsa prefix mean in an authorized_keys file?
technical_mixed,Why is MD5 no longer considered safe for passwords?
technical_mixed,How does bcrypt decide the cost factor?
technical_mixed,Why do container registries address images by digest?
technical_mixed,How are HMAC signatures verified on the server side?
technical_mixed,Can you explain what the JWT segment NdO5LM30ulMG0HgkMx4F0XiQ2Tpd5452.rSzXSFgdHCtMAZDLHasG0sIj8YAxAng1TGFIrK32n9zOsX66 encodes?
technical_mixed,How do I read a private key file safely in Python?
technical_mixed,What is a reasonable key rotation policy for internal services?
technical_mixed,What is the purpose of the base64 field in a Kubernetes secret?
technical_mixed,How should secrets be passed to a process without writing them to disk?
technical_mixed,What happens if two files produce the same hash?
technical_mixed,Why do container registries address images by digest?
technical_mixed,What is entropy in the context of key generation?
technical_mixed,What is the difference between hashing and encrypting a password?
technical_mixed,How are HMAC signatures verified on the server side?
technical_mixed,Which algorithm should replace SHA-1 in new systems?
technical_mixed,What tool produces a SHA-256 digest like 102f6f7f44449070bf9659a3985619e151b34a28522121c2e16867f401f24d58?
technical_mixed,Which algorithm should replace SHA-1 in new systems?
technical_mixed,How does bcrypt decide the cost factor?
technical_mixed,How does git decide that two commits are identical?
technical_mixed,Why is it bad practice to log full request headers?
technical_mixed,What is the purpose of the base64 field in a Kubernetes secret?
technical_mixed,Why is it bad practice to log full request headers?
technical_mixed,When should I use a UUID instead of an auto-increment key?
technical_mixed,What is entropy in the context of key generation?
technical_mixed,How should secrets be passed to a process without writing them to disk?
technical_mixed,My build produced the MD5 digest b138b14cbe8f5a5c92424b119478d99f -- how do I compare it with the previous one?
technical_mixed,What is the difference between hashing and encrypting a password?
technical_mixed,Why is it bad practice to log full request headers?
technical_mixed,Can you explain what the git commit hash 337b2682e2a408ce5f297794021d419ddff86246 encodes?
technical_mixed,What is a reasonable key rotation policy for internal services?
technical_mixed,When should I use a UUID instead of an auto-increment key?
technical_mixed,How should secrets be passed to a process without writing them to disk?
technical_mixed,What happens if two files produce the same hash?
technical_mixed,How should secrets be passed to a process without writing them to disk?
technical_mixed,Which algorithm should replace SHA-1 in new systems?
technical_mixed,When should I use a UUID instead of an auto-increment key?
technical_mixed,When should I use a UUID instead of an auto-increment key?
technical_mixed,What happens if two files produce the same hash?
technical_mixed,What does a certificate chain actually prove?
technical_mixed,What is the difference between base64 and base64url encoding?
technical_mixed,How does git decide that two commits are identical?
technical_mixed,Why do container registries address images by digest?
technical_mixed,My build produced the SHA-1 digest 1ac0aa346ecfd4b91876dcce78699c1576e238ac -- how do I compare it with the previous one?
technical_mixed,What does a certificate chain actually prove?
technical_mixed,How do JSON Web Tokens carry claims without encryption?
technical_mixed,What happens if two files produce the same hash?
technical_mixed,What does a certificate chain actually prove?
technical_mixed,How do JSON Web Tokens carry claims without encryption?
technical_mixed,Why is MD5 no longer considered safe for passwords?
technical_mixed,What happens if two files produce the same hash?
technical_mixed,How does bcrypt decide the cost factor?
technical_mixed,How do JSON Web Tokens carry claims without encryption?
technical_mixed,How should secrets be passed to a process without writing them to disk?
technical_mixed,Why is it bad practice to log full request headers?
technical_mixed,How should secrets be passed to a process without writing them to disk?
technical_mixed,How does git decide that two commits are identical?
technical_mixed,How do I compute a checksum for a large file efficiently?
technical_mixed,How are HMAC signatures verified on the server side?
technical_mixed,What is the purpose of the base64 field in a Kubernetes secret?
technical_mixed,What is the difference between hashing and encrypting a password?
technical_mixed,What is a reasonable key rotation policy for internal services?
technical_mixed,Why do container registries address images by digest?
technical_mixed,What is the difference between base64 and base64url encoding?
technical_mixed,Why do container registries address images by digest?
technical_mixed,What is the difference between hashing and encrypting a password?
technical_mixed,Is it safe to log the SHA-256 digest ddc7af59639952c52dd6212f1def4d37c27c4ba83a8f2a854be94bb8548f44e3 at debug level?
technical_mixed,How are HMAC signatures verified on the server side?
technical_mixed,What does a certificate chain actually prove?
technical_mixed,What is the difference between hashing and encrypting a password?
technical_mixed,How does bcrypt decide the cost factor?
technical_mixed,Why is MD5 no longer considered safe for passwords?
technical_mixed,How do I compute a checksum for a large file efficiently?
technical_mixed,How long is the PEM block jNb/6EV3VXsMLvOktmedDddGVcK7gvb6zAGoAVd8J7eyQZtMRRiPqnyQI0uwTgDh expected to be?
technical_mixed,How does git decide that two commits are identical?
technical_mixed,What is the purpose of the base64 field in a Kubernetes secret?
technical_mixed,Why is it bad practice to log full request headers?
technical_mixed,What is entropy in the context of key generation?
technical_mixed,How do JSON Web Tokens carry claims without encryption?
technical_mixed,How are HMAC signatures verified on the server side?
technical_mixed,What is the difference between hashing and encrypting a password?
technical_mixed,How do JSON Web Tokens carry claims without encryption?
technical_mixed,What is the purpose of the base64 field in a Kubernetes secret?
technical_mixed,What is the purpose of the base64 field in a Kubernetes secret?
technical_mixed,What happens if two files produce the same hash?
technical_mixed,How does bcrypt decide the cost factor?
technical_mixed,Can you explain what the JWT segment ouiC0Qi9SrI9+Ssw90pcI/Mg3tLK3GVJ.8U8a7f4QePdOLMBox4IxUFpqBsyyfuRW7859P0D7WwEC+1SI encodes?
technical_mixed,What does the ssh-rsa prefix mean in an authorized_keys file?
technical_mixed,What is the difference between base64 and base64url encoding?
technical_mixed,How do I compute a checksum for a large file efficiently?
technical_mixed,How do I compute a checksum for a large file efficiently?
technical_mixed,Is 06SjBE0vhGDsyzBfkXxzRc9rvTnRNKNirkduw918jXQ= a valid base64 key for this file?
technical_mixed,How do I compute a checksum for a large file efficiently?
technical_mixed,How do I verify the SHA-256 digest 3b190b1f38cd300af87d863a11cc3b140de9aa446ac2162585b8ff9f0cbc3e83 before deploying?
technical_mixed,What is a reasonable key rotation policy for internal services?
technical_mixed,What happens if two files produce the same hash?
technical_mixed,Should the PEM block LKD/h6FmhlyHrN4CAM6OgBP7/WmA4X1ZngRvVnzDWUmk5l83aQGTbZETuyB0rKJF be stored in version control?
technical_mixed,Why is MD5 no longer considered safe for passwords?
technical_mixed,Why do container registries address images by digest?
technical_mixed,Why do container registries address images by digest?
technical_mixed,What is the difference between base64 and base64url encoding?
technical_mixed,Why is MD5 no longer considered safe for passwords?
technical_mixed,Can you explain what the Docker image digest sha256:acc7beb9b233f67d87f1278af67f9cb24df9bbf5f7e0a6018350c184b58687b3 encodes?
technical_mixed,How do JSON Web Tokens carry claims without encryption?
technical_mixed,How do I compute a checksum for a large file efficiently?
technical_mixed,What is the purpose of the base64 field in a Kubernetes secret?
technical_mixed,What is the purpose of the base64 field in a Kubernetes secret?
technical_mixed,How long is the git commit hash cecad4eda68b91ba805e2b645c34b77d6eadea44 expected to be?
technical_mixed,Why is MD5 no longer considered safe for passwords?
technical_mixed,What does a certificate chain actually prove?
technical_mixed,What is a reasonable key rotation policy for internal services?
technical_mixed,What is the difference between hashing and encrypting a password?
technical_mixed,Why is it bad practice to log full request headers?
technical_mixed,How should secrets be passed to a process without writing them to disk?
technical_mixed,How does bcrypt decide the cost factor?
technical_mixed,What is entropy in the context of key generation?
technical_mixed,Which algorithm should replace SHA-1 in new systems?
technical_mixed,How do I compute a checksum for a large file efficiently?
technical_mixed,What is entropy in the context of key generation?
technical_mixed,Is $2y$10$VdkcJFMtt/856dH0ayFAfg a valid bcrypt hash for this file?
technical_mixed,Which algorithm should replace SHA-1 in new systems?
technical_mixed,What is entropy in the context of key generation?
technical_mixed,When should I use a UUID instead of an auto-increment key?
technical_mixed,How are HMAC signatures verified on the server side?
technical_mixed,When should I use a UUID instead of an auto-increment key?
technical_mixed,What is the purpose of the base64 field in a Kubernetes secret?
technical_mixed,When should I use a UUID instead of an auto-increment key?
technical_mixed,When should I use a UUID instead of an auto-increment key?
technical_mixed,What is a reasonable key rotation policy for internal services?
technical_mixed,How do I read a private key file safely in Python?
technical_mixed,How does git decide that two commits are identical?
technical_mixed,What is the difference between base64 and base64url encoding?
technical_mixed,Why is MD5 no longer considered safe for passwords?
technical_mixed,How should secrets be passed to a process without writing them to disk?
technical_mixed,Why is MD5 no longer considered safe for passwords?
technical_mixed,What happens if two files produce the same hash?
technical_mixed,How do I verify the UUID f7b746e9-3d1a-1982-1664-151f645c9e69 before deploying?
technical_mixed,How do I read a private key file safely in Python?
technical_mixed,How do I verify the SHA-1 digest d35b3a14f3e298b161da93b1801a5518986b1912 before deploying?
technical_mixed,How do I compute a checksum for a large file efficiently?
technical_mixed,How do I compute a checksum for a large file efficiently?
technical_mixed,Should the git commit hash b7245ec44c9cb1ecdb4bc8a76ea1cbc000ffc119 be stored in version control?
technical_mixed,Which algorithm should replace SHA-1 in new systems?
technical_mixed,How do JSON Web Tokens carry claims without encryption?
technical_mixed,Why do container registries address images by digest?
technical_mixed,How do I read a private key file safely in Python?
technical_mixed,How do JSON Web Tokens carry claims without encryption?
technical_mixed,What does a certificate chain actually prove?
technical_mixed,Why do container registries address images by digest?
technical_mixed,What tool produces a base64 key like h6MAePtkqiMjK8j9QmsQjx+X6/11CWispO8292L5xfg=?
technical_mixed,How are HMAC signatures verified on the server side?
technical_mixed,Should the SHA-1 digest 5e46a87eb8630a4a8633bbe1ced4b44feb056ccb be stored in version control?
technical_mixed,How are HMAC signatures verified on the server side?
technical_mixed,How do JSON Web Tokens carry claims without encryption?
technical_mixed,How do JSON Web Tokens carry claims without encryption?
technical_mixed,Which algorithm should replace SHA-1 in new systems?
technical_mixed,What is the purpose of the base64 field in a Kubernetes secret?
technical_mixed,Why is it bad practice to log full request headers?
technical_mixed,How do I compute a checksum for a large file efficiently?
technical_mixed,How should secrets be passed to a process without writing them to disk?
technical_mixed,What is the difference between hashing and encrypting a password?
technical_mixed,What does a certificate chain actually prove?
technical_mixed,What does a certificate chain actually prove?
technical_mixed,How should secrets be passed to a process without writing them to disk?
technical_mixed,How does git decide that two commits are identical?
technical_mixed,How should secrets be passed to a process without writing them to disk?
technical_mixed,What is the difference between base64 and base64url encoding?
technical_mixed,Can you explain what the MD5 digest d38a914f26835db253fc7908a567da3f encodes?
technical_mixed,What is the purpose of the base64 field in a Kubernetes secret?
technical_mixed,How do I read a private key file safely in Python?
technical_mixed,How do I compute a checksum for a large file efficiently?
technical_mixed,Is 8f20f9936d121a8c64aba16809ba4f68 a valid MD5 digest for this file?
technical_mixed,Why is it bad practice to log full request headers?
technical_mixed,How should secrets be passed to a process without writing them to disk?
technical_mixed,What does a certificate chain actually prove?
technical_mixed,What is the difference between hashing and encrypting a password?
technical_mixed,How do I read a private key file safely in Python?
technical_mixed,What is the difference between base64 and base64url encoding?
technical_mixed,What does the ssh-rsa prefix mean in an authorized_keys file?
technical_mixed,Why is it bad practice to log full request headers?
technical_mixed,Is hf5qZdjqAs3vxn/oGRuLcIjjixEYR6ykDRlfQw/+EUA= a valid base64 key for this file?
technical_mixed,Why is it bad practice to log full request headers?
technical_mixed,How do JSON Web Tokens carry claims without encryption?
technical_mixed,How do I compute a checksum for a large file efficiently?
technical_mixed,How are HMAC signatures verified on the server side?
technical_mixed,How do I compute a checksum for a large file efficiently?
technical_mixed,What is a reasonable key rotation policy for internal services?
technical_mixed,How do JSON Web Tokens carry claims without encryption?
technical_mixed,How does git decide that two commits are identical?
technical_mixed,How do I verify the git commit hash 0f35f286a38bb4418cfc1ec588e6b9db9f2a9150 before deploying?
technical_mixed,Why is MD5 no longer considered safe for passwords?
technical_mixed,Can you explain what the Docker image digest sha256:35bbe3daea16281e52aad45334c08d18338b0df9b5c49cc7785b5b82ef515c30 encodes?
technical_mixed,Why is MD5 no longer considered safe for passwords?
technical_mixed,What happens if two files produce the same hash?
technical_mixed,How do JSON Web Tokens carry claims without encryption?
technical_mixed,What does a certificate chain actually prove?
technical_mixed,What is the purpose of the base64 field in a Kubernetes secret?
technical_mixed,Why is it bad practice to log full request headers?
technical_mixed,When should I use a UUID instead of an auto-increment key?
technical_mixed,Why do container registries address images by digest?
technical_mixed,How do I compute a checksum for a large file efficiently?
technical_mixed,What is the difference between hashing and encrypting a password?
technical_mixed,Which algorithm should replace SHA-1 in new systems?
technical_mixed,How should secrets be passed to a process without writing them to disk?
technical_mixed,Why is it bad practice to log full request headers?
technical_mixed,How does git decide that two commits are identical?
technical_mixed,Why is MD5 no longer considered safe for passwords?
technical_mixed,How should secrets be passed to a process without writing them to disk?
technical_mixed,What happens if two files produce the same hash?
